{"cameraMode":{"drawMode":0,"name":"Shaded","section":"Shading Mode"},"sceneLighting":true,"audioPlay":false,"sceneViewState":{"m_AlwaysRefresh":false,"showFog":true,"showSkybox":true,"showFlares":true,"showImageEffects":true,"showParticleSystems":true,"showVisualEffectGraphs":true,"m_FxEnabled":true},"in2DMode":false,"pivot":{"x":5.235688209533691,"y":70.29342651367188,"z":63.16355514526367},"rotation":{"x":-0.026965266093611718,"y":0.8423835039138794,"z":-0.5374194979667664,"w":-0.041429147124290469},"size":10.451936721801758,"orthographic":false}