{"cameraMode":{"drawMode":0,"name":"Shaded","section":"Shading Mode"},"sceneLighting":false,"audioPlay":false,"sceneViewState":{"showFog":true,"showMaterialUpdate":false,"showSkybox":false,"showFlares":true,"showImageEffects":true,"showParticleSystems":true},"in2DMode":false,"pivot":{"x":7.539999961853027,"y":1.0,"z":-20.489999771118165},"rotation":{"x":0.00038793656858615577,"y":-0.989916980266571,"z":-0.011161834932863713,"w":-0.1426817625761032},"size":2.5578837394714357,"orthographic":false}