{"cameraMode":{"drawMode":0,"name":"Shaded","section":"Shading Mode"},"sceneLighting":false,"audioPlay":false,"sceneViewState":{"showFog":true,"showMaterialUpdate":false,"showSkybox":false,"showFlares":true,"showImageEffects":true,"showParticleSystems":true},"in2DMode":false,"pivot":{"x":0.6365787386894226,"y":4.464777946472168,"z":2.2847049236297609},"rotation":{"x":-0.6446768045425415,"y":-0.12256698310375214,"z":0.10575282573699951,"w":-0.7471630573272705},"size":5.911993980407715,"orthographic":false}