{"cameraMode":{"drawMode":0,"name":"Shaded","section":"Shading Mode"},"sceneLighting":false,"audioPlay":false,"sceneViewState":{"showFog":true,"showMaterialUpdate":false,"showSkybox":false,"showFlares":true,"showImageEffects":true,"showParticleSystems":true},"in2DMode":false,"pivot":{"x":7.363307952880859,"y":0.036224961280822757,"z":-20.273250579833986},"rotation":{"x":0.0070482222363352779,"y":-0.9867405891418457,"z":0.15465091168880464,"w":0.05289627984166145},"size":4.957884311676025,"orthographic":false}