{"cameraMode":{"drawMode":0,"name":"Shaded","section":"Shading Mode"},"sceneLighting":true,"audioPlay":false,"sceneViewState":{"showFog":true,"showMaterialUpdate":false,"showSkybox":true,"showFlares":true,"showImageEffects":true,"showParticleSystems":true},"in2DMode":false,"pivot":{"x":-1.5706602334976197,"y":-420.8854064941406,"z":552.2156372070313},"rotation":{"x":0.3105303645133972,"y":-0.03498416766524315,"z":0.011565466411411763,"w":0.9500975608825684},"size":989.5379638671875,"orthographic":false}