{"cameraMode":{"drawMode":0,"name":"Shaded","section":"Shading Mode"},"sceneLighting":true,"audioPlay":false,"sceneViewState":{"showFog":true,"showMaterialUpdate":false,"showSkybox":true,"showFlares":true,"showImageEffects":true,"showParticleSystems":true},"in2DMode":false,"pivot":{"x":46.06134033203125,"y":-30.69648551940918,"z":-48.469871520996097},"rotation":{"x":0.10358249396085739,"y":0.8961657285690308,"z":-0.3160039782524109,"w":0.29380330443382265},"size":78.49908447265625,"orthographic":false}