{"cameraMode":{"drawMode":0,"name":"Shaded","section":"Shading Mode"},"sceneLighting":true,"audioPlay":false,"sceneViewState":{"showFog":true,"showMaterialUpdate":false,"showSkybox":true,"showFlares":true,"showImageEffects":true,"showParticleSystems":true},"in2DMode":false,"pivot":{"x":-56.22999954223633,"y":0.5,"z":15.639999389648438},"rotation":{"x":-0.018540212884545327,"y":-0.865056037902832,"z":0.5003657937049866,"w":-0.032240621745586398},"size":54.00668716430664,"orthographic":false}