{"cameraMode":{"drawMode":0,"name":"Shaded","section":"Shading Mode"},"sceneLighting":false,"audioPlay":false,"sceneViewState":{"showFog":true,"showMaterialUpdate":false,"showSkybox":false,"showFlares":true,"showImageEffects":true,"showParticleSystems":true},"in2DMode":false,"pivot":{"x":0.3988649845123291,"y":1.8770766258239747,"z":3.688425302505493},"rotation":{"x":0.247887521982193,"y":0.0029063827823847534,"z":-0.0007436526357196271,"w":0.9687849283218384},"size":6.662487983703613,"orthographic":false}