{"cameraMode":{"drawMode":0,"name":"Shaded","section":"Shading Mode"},"sceneLighting":false,"audioPlay":false,"sceneViewState":{"showFog":true,"showMaterialUpdate":false,"showSkybox":false,"showFlares":true,"showImageEffects":true,"showParticleSystems":true},"in2DMode":false,"pivot":{"x":-0.22093211114406587,"y":-0.7299823760986328,"z":1.5971331596374512},"rotation":{"x":-0.5338982939720154,"y":-0.02206813544034958,"z":0.013920919969677925,"w":-0.845187783241272},"size":6.211994171142578,"orthographic":false}