{"cameraMode":{"drawMode":0,"name":"Shaded","section":"Shading Mode"},"sceneLighting":false,"audioPlay":false,"sceneViewState":{"showFog":true,"showMaterialUpdate":false,"showSkybox":false,"showFlares":true,"showImageEffects":true,"showParticleSystems":true},"in2DMode":false,"pivot":{"x":-3.895245313644409,"y":-2.152021884918213,"z":-0.2841936945915222},"rotation":{"x":-0.1857183873653412,"y":0.7094545960426331,"z":-0.20336668193340302,"w":-0.6487705111503601},"size":5.580446720123291,"orthographic":false}