{"cameraMode":{"drawMode":0,"name":"Shaded","section":"Shading Mode"},"sceneLighting":false,"audioPlay":false,"sceneViewState":{"showFog":true,"showMaterialUpdate":false,"showSkybox":false,"showFlares":true,"showImageEffects":true,"showParticleSystems":true},"in2DMode":false,"pivot":{"x":0.20698615908622743,"y":0.13267040252685548,"z":1.36387300491333},"rotation":{"x":0.6204828023910523,"y":0.07379711419343949,"z":-0.05880364775657654,"w":0.7785389423370361},"size":6.3946380615234379,"orthographic":false}