{"cameraMode":{"drawMode":0,"name":"Shaded","section":"Shading Mode"},"sceneLighting":true,"audioPlay":false,"sceneViewState":{"showFog":true,"showMaterialUpdate":false,"showSkybox":true,"showFlares":true,"showImageEffects":true,"showParticleSystems":true},"in2DMode":false,"pivot":{"x":65.88125610351563,"y":-1008.6188354492188,"z":20.38604164123535},"rotation":{"x":0.6925035715103149,"y":-0.11803784966468811,"z":0.11180706322193146,"w":0.7035356760025024},"size":1115.2205810546875,"orthographic":false}