{"cameraMode":{"drawMode":0,"name":"Shaded","section":"Shading Mode"},"sceneLighting":false,"audioPlay":false,"sceneViewState":{"showFog":true,"showMaterialUpdate":false,"showSkybox":false,"showFlares":true,"showImageEffects":true,"showParticleSystems":true},"in2DMode":false,"pivot":{"x":5.134624481201172,"y":-4.3162360191345219,"z":-0.02868935838341713},"rotation":{"x":-0.47708964347839358,"y":-0.5214875936508179,"z":0.5268218517303467,"w":-0.47222861647605898},"size":11.729376792907715,"orthographic":false}