{"cameraMode":{"drawMode":0,"name":"Shaded","section":"Shading Mode"},"sceneLighting":false,"audioPlay":false,"sceneViewState":{"showFog":true,"showMaterialUpdate":false,"showSkybox":false,"showFlares":true,"showImageEffects":true,"showParticleSystems":true},"in2DMode":false,"pivot":{"x":-36.84000015258789,"y":0.9016114473342896,"z":30.15999984741211},"rotation":{"x":0.0517004057765007,"y":0.6968107223510742,"z":-0.7139730453491211,"w":0.053435783833265308},"size":58.06541061401367,"orthographic":false}