{"cameraMode":{"drawMode":0,"name":"Shaded","section":"Shading Mode"},"sceneLighting":true,"audioPlay":false,"sceneViewState":{"showFog":true,"showMaterialUpdate":false,"showSkybox":true,"showFlares":true,"showImageEffects":true,"showParticleSystems":true},"in2DMode":false,"pivot":{"x":-24.423519134521486,"y":57.02082443237305,"z":52.45530700683594},"rotation":{"x":-0.021032046526670457,"y":0.9245641827583313,"z":-0.3778098523616791,"w":-0.05288142338395119},"size":10.451936721801758,"orthographic":false}