{"cameraMode":{"drawMode":0,"name":"Shaded","section":"Shading Mode"},"sceneLighting":true,"audioPlay":false,"sceneViewState":{"showFog":true,"showMaterialUpdate":false,"showSkybox":true,"showFlares":true,"showImageEffects":true,"showParticleSystems":true},"in2DMode":false,"pivot":{"x":17.867422103881837,"y":16.726816177368165,"z":-26.27190589904785},"rotation":{"x":-0.25459033250808718,"y":-0.06766614317893982,"z":0.017364928498864175,"w":-0.9646650552749634},"size":22.377761840820314,"orthographic":false}