{"cameraMode":{"drawMode":0,"name":"Shaded","section":"Shading Mode"},"sceneLighting":false,"audioPlay":false,"sceneViewState":{"showFog":true,"showMaterialUpdate":false,"showSkybox":false,"showFlares":true,"showImageEffects":true,"showParticleSystems":true},"in2DMode":false,"pivot":{"x":0.7877249717712402,"y":-33.38565444946289,"z":-3.185011863708496},"rotation":{"x":0.7404903173446655,"y":-0.030195584520697595,"z":0.0333482101559639,"w":0.6705842018127441},"size":57.471248626708987,"orthographic":false}