{"cameraMode":{"drawMode":0,"name":"Shaded","section":"Shading Mode"},"sceneLighting":false,"audioPlay":false,"sceneViewState":{"showFog":true,"showMaterialUpdate":false,"showSkybox":false,"showFlares":true,"showImageEffects":true,"showParticleSystems":true},"in2DMode":false,"pivot":{"x":-0.08838832378387451,"y":0.9999998807907105,"z":0.0},"rotation":{"x":-0.27533477544784548,"y":0.02218971773982048,"z":-0.006378242280334234,"w":-0.9611231088638306},"size":2.8323252201080324,"orthographic":false}