{"cameraMode":{"drawMode":0,"name":"Shaded","section":"Shading Mode"},"sceneLighting":false,"audioPlay":false,"sceneViewState":{"showFog":true,"showMaterialUpdate":false,"showSkybox":false,"showFlares":true,"showImageEffects":true,"showParticleSystems":true},"in2DMode":false,"pivot":{"x":7.539999961853027,"y":0.5,"z":3.6999998092651369},"rotation":{"x":0.22791439294815064,"y":-0.758289635181427,"z":0.5039212703704834,"w":0.34573936462402346},"size":2.8578834533691408,"orthographic":false}