{"cameraMode":{"drawMode":0,"name":"Shaded","section":"Shading Mode"},"sceneLighting":true,"audioPlay":false,"sceneViewState":{"showFog":true,"showMaterialUpdate":false,"showSkybox":true,"showFlares":true,"showImageEffects":true,"showParticleSystems":true},"in2DMode":false,"pivot":{"x":2.4730091094970705,"y":-16.13566017150879,"z":12.373612403869629},"rotation":{"x":0.291207879781723,"y":0.008609479293227196,"z":-0.0026214243844151499,"w":0.9566207528114319},"size":1195.570556640625,"orthographic":false}